"snp1","snp2","snp3","snp4","snp5","snp6","snp7","snp8","snp9","snp10","snp11","id"
"CC","TT","TT","TT","CC","AG","TT","CC","TT","CT","TT",10100
"TT","TT","CC","CC","CC","AA","AT","CT","CT","CC","TT",10110
"CT","AT","TC","TT",NA,"AG","AT","CC","TT","CT","TT",10177
"CT","TT","CC","CC","CC","AA","AT","CC","TT","CT","CT",10180
"TT","TT","CC","CC","CC","AA","TT","CC","TT","CT","TT",10244
"CT","AT",NA,"CT","CT","AG","AT","CT","CT","CC","CT",10245
"CT","AT","TC","CT","CC","AG","TT","CC","TT","TT","TT",10271
"TT",NA,"TC",NA,"CC","AA",NA,"CC","CT",NA,NA,10280
"CC","TT","TC",NA,"CC","AA","AT","CT","CT","CC","CT",10282
"CT","AT","TC","TT",NA,"GG","AT","CT","TT","CC","TT",10298
"TT","TT","CC","CT","CC","GG","AA","TT","CC","CC","TT",10407
"TT","AA","CC","TT","CT","AG","TT","CC","TT","CT","TT",10415
"CT","AT","TC","TT",NA,"AG","AT","CT","CT","CT","TT",10467
"CT","TT","CC","CC","CC","AA","TT","CC","TT","CC","CT",10490
"CT","TT","CC","CC","CC","AA","TT","CC","TT","CT","TT",10531
"TT","TT","CC","CC","CC","AA","TT","CC","TT","CT","TT",10538
"CT","TT","TC","CT","CC","AA","AT","CC","TT","TT","TT",10539
"CC","AA","TT","TT","CC","GG","AA","TT","TT","CC","TT",10543
"TT","TT","CC","CC","CC","AA","TT","CC","TT","CT","TT",10669
"TT","AT","CC","CT","CT","AG","AT","CT","CT","CT","TT",10723
"TT","TT","CC","CC","CC","AA","TT","CC","TT","CC","TT",10781
"CT","AT","CC","CT",NA,"AG","AA","CC","CT","CT","CT",10812
"CT","AT","TC","TT",NA,"AA","AT","CT",NA,"CC","TT",10821
"CT","TT","TC","CT","CC",NA,"AT","CC","TT","TT","TT",10879
"TT","TT","CC","CC","CC","AA","TT","CC","TT","CT","TT",10944
"TT","AT","CC","CT","CT","AA","AT","CT","CT","CT","TT",10997
"TT","AA","CC","TT","CC","AA","TT","CC","TT","CT","TT",11028
"TT","AT","CC","CT","CC","AA","AT",NA,"TT","CT","TT",11029
"TT","AT","TC","CT","CC","AG","AT","CT","CT","CC","TT",11096
"CT","TT","TC","CT","CC","AG","TT","CC","TT","TT","TT",11135
"CT","TT","TC","CT","CC","AG","AT","CT","CT","CC","TT",11149
"CT","AT","TC","TT",NA,NA,"AT","CT","CT","CT","TT",11217
"TT","AT","CC","CT",NA,"AG","AT","CT","CT","CC","TT",11269
"TT","TT","CC","CC","CC","AA","TT","CC","TT","CT","TT",11301
"TT","AT","CC","CT","CT","AG","AT","CT",NA,"CT","TT",11375
"TT","TT","CC","CC","CC","AA","TT","CC","TT","CC","TT",11421
"TT","TT","CC","CC","CC",NA,"TT","CC","TT","CT","TT",11486
"TT","AT","CC","CT","CC","AA","TT","CC","TT","CC","TT",11530
"CT","TT","CC","CC","CT","AG","AT","CT","CT","TT","CT",11664
"CT","TT","CC","CC","CC","AA","AT","CT","CT","CC","CT",11685
"CC","TT","CC",NA,"CC","AA","TT","CC","TT","CT","CC",11793
"CT","AT","TC","TT",NA,"GG","AT","CT","CT","CT","TT",11923
"TT","AT","CC","CT","CT","AG","AT","CT","CT","CT","TT",11939
"TT","AT","CC",NA,"CT","AG","TT","CC","TT","CT","TT",11946
"CT","TT","TC","CT","CC","AA","TT","CC","TT","CT","TT",11963
"CT","TT","TC","CT","CC","AG","AT","CC","TT","TT","TT",12001
"CC","TT","TT","TT","CC","GG","AA","TT","TT","CC","TT",12009
"CT","TT","CC","CT","CC","AA","TT",NA,"TT","TT","CT",12060
"CT","TT","TC",NA,"CC","AG","AT","CT","CT","CC","TT",12099
"TT","TT","CC","CC","CC","AA","TT","CC","TT","CT","TT",12109
"TT","TT","CC","CC","CC","AA","TT","CC","TT","CC","TT",12123
"TT","TT","CC","CC","CC","AA","TT","CC","TT","CC","TT",12179
"TT","AT","CC",NA,"CT","AG","AT","CT","CT","CC","TT",12183
"TT","AT","CC","CT","CT","GG","AA","CT","CT","CC","CT",12201
"CC","AT","TC","CT","CC","AG","TT","CC","TT","TT","CT",12261
"CT","TT","CC","CC","CC","AA","TT","CC","TT","TT","CT",12269
"TT","AT","CC","CT","CC","AA","TT","CC","TT","CT","TT",12276
"TT","TT","CC","CC",NA,NA,"AT","CT","CT","CC","TT",12289
"CT","TT","CC","CC","CC","AA","AT","CC","TT","TT","CT",12333
"TT","TT","CC","CC","CC","AA","TT","CC","TT","TT","TT",12431
"CT","TT",NA,"CT","CC","AA","TT","CC","TT","CT","TT",12476
"CT","TT","CC","CC","CC","AA","TT","CC","TT","CT","CT",12481
"CT","TT",NA,"CC","CC","AA","TT","CC","TT","TT","CT",12482
"TT","AT","CC","CT","CT",NA,"AT","CT","CT","CC","TT",12501
"TT","TT","CC","CC","CC","AA","AT","CC","TT","CC","TT",12524
"TT","AT","CC","CT","CT","AG","AT","CT","CT","CT","TT",12574
"TT","TT","CC","CC","CC","AA","TT","CC","TT","CC","TT",12753
"TT","AT","TC","CT","CC","AA","TT","CC","TT","TT","TT",12819
"CT","TT","TC","CT","CC","AG","TT","CC","TT","CT","TT",12820
"CT","AT","TC","TT",NA,"GG","AT","CC","TT","CT","TT",12915
"CT","TT","TC","CT","CC","AA","TT","CC","TT","CC","TT",12971
"CT","AT","CC","TT","CC",NA,"AT","CC","TT","CT","TT",12994
"TT","AT","CC","CT","CT","AG","AT","CT","CT","CT","TT",13042
"TT","TT","CC","CC","CC","AA","TT","CC","TT","CT","TT",13170
"CT","TT","TC","CT","CC","AG","AT","CC","TT","TT","TT",13177
"CT","TT","CC",NA,"CC","AA","AT","CC","CT","CC","CT",13305
"CT","TT","CC","CC","CC","AA","AT","CC","CT","CT","CT",13308
"CT","TT","CC","CC","CC","AA","TT","CC","TT","CT","CT",13423
"TT","AT","CC","CT",NA,"AA","AT","CT","CT","CC","TT",13507
"CT","AT","CC","CT","CT","AG","AT","CT","CT","CT","CT",13563
"CT","TT","TC","CT","CC","AG","AT","CT",NA,"CT","TT",13582
"CT","AT","TC","TT","CT","AG","TT","CC","TT","TT","TT",13623
"TT","AT","CC","CT","CT","AG","TT","CC","TT","TT","TT",13668
"TT","TT","CC","CC","CC","AG","AT","CT","CT","CC","TT",13674
"CT","TT","CC","CC","CC","AA","TT","CC","TT","TT","CT",13768
"CT","TT","CC","CC","CC","AA","TT","CC","TT","CT","CT",13877
"TT","TT","CC",NA,"CC","AA","TT","CC","TT","CT","TT",13968
"TT","AT","CC","CT","CT","AG","AT","CT","CT","CC","TT",14098
"CT","TT","TC","CT","CC","AG","TT","CC","TT","CT","TT",14124
"CT","TT","TC","CT","CC","AA","AT","CC","TT","CC","TT",14125
"TT","TT","CC","CC","CC","AA","TT","CC","TT",NA,"TT",14149
"CC","TT","TC","CT","CC","AA","TT","CC","TT","TT","CT",14219
"CC","TT","TC","CT","CC","AA","TT","CC","TT","CT","CT",14242
"CT","TT","CC","CC","CC","AA","TT","CC","TT","CT","CT",14383
"TT","AT","CC","CT","CC","AA","TT","CC","TT","CT","TT",14409
"CT","TT","CC","CC","CC",NA,"TT","CC","TT","TT","CT",14456
"CT","TT",NA,"CC","CC","AG","AT","CT","CT","CT","CT",14474
"TT","TT","CC","CC","CC","AA","TT","CC","TT","TT","TT",14481
"TT","TT","CC","CC","CC","AG","AT","CT","CT","CT","TT",14507
"TT","AA","CC","TT","CT","GG","AA","TT","CC","CC","TT",14540
"TT","TT","CC",NA,"CC","AA",NA,"CC","TT","CC","TT",14562
"CT","TT","TC","CT","CC","AA","TT","CC","TT","TT","TT",14690
"TT","AT","CC","CT","CC","AG","AT","CT","CT","CC","TT",14694
"CT","TT","TC","CT","CC","AA","AT","CC","TT","CT","TT",14764
"CT","TT","CC","CC","CC","AA","TT","CC","TT","TT","CT",14803
"TT","TT","CC","CT",NA,NA,"TT","CC","TT","CT","TT",14820
"CT","AT","CC","CT","CT","AG","AT","CT","CT","CT","CT",14851
"CT","TT","CC","CC","CC","AA","TT","CC","TT","CT","CT",14887
"TT","AT","CC",NA,"CT","AA","AT","CT","CT","CC","TT",14911
"CT","TT","TC","CT","CC","AG","AT","CC","TT","TT","TT",14936
"CT","TT","TC","CT","CC","GG","AA","TT","CC","CT","TT",14950
"CT","TT","TC","CT","CC","AA","TT","CC","TT","TT","TT",15028
"CT","TT","CC","CC","CC","AA","TT","CC","TT","CT","CT",15051
"CT","TT","TC","CT","CC","AG","AT","CC","TT","CT","TT",15092
"CC","TT","TC","CT","CC","AA","TT","CC","TT","TT","CT",15133
"TT","TT","CC","CC","CC","AA","TT","CC","TT","CC","TT",15155
"CT","AT","TC","TT",NA,"GG","AT","CT","TT","CT","TT",15262
"TT","AT","CC","CT","CT","AG","AT","CT","CT","CT","TT",15296
"TT","AT","CC","CT","CT","AG","TT","CC","TT","TT","TT",15305
"CC","AT","TT","TT","CC","AG","TT","CC","TT","CT","TT",15309
"CT","TT","TC","CT","CC","GG","AT","CC","CT","CT","CT",15408
"CT","AT","TC","TT","CC","AA","TT","CC","TT","CT","TT",15469
"CT","TT","CC","CC","CC","AA","TT","CC","TT","CC","CT",15472
"CT","AT","TC","TT",NA,"GG","AA",NA,"CT","CT","TT",15497
"TT","TT","CC","CC","CC","AA","TT","CC","TT","CC","TT",15509
"TT","TT","CC",NA,"CC","AG","AT","CC","CT","CC","CT",15514
NA,NA,NA,NA,NA,NA,NA,NA,NA,NA,NA,15516
"CT","TT","CC",NA,"CC","AA","TT","CC","TT","CT","CT",15558
"CT","AT","TC","TT",NA,"GG","AT","CT","CT","CT","TT",15652
"TT","AT","CC","CT","CT","AG","TT","CC","TT","TT","TT",15732
"CT","TT","CC","CC","CC","AA","TT","CC","TT","TT","CT",15769
"TT","TT","CC","CC","CC","AA","TT","CC","TT","CT","TT",15849
"TT","TT","CC","CC","CC","AA","TT","CC","TT","TT","TT",15872
"CC","TT","TT","TT","CC","AA","TT","CC","TT","CC","TT",15885
"CT","TT","CC",NA,"CC","AA","TT","CC","TT","CT","CT",15919
"TT","TT","CC","CC","CC","AA","TT","CC","TT","CT","TT",15949
"CT","TT","TC","CT","CC","AA","TT","CC","TT","CT","TT",15961
"CT","AT","CC","CT","CC","AA","TT","CC","TT","CC","CT",15962
"TT","TT","CC","CC","CC","AA","AT","CC","TT","TT","TT",16061
"TT","TT","CC","CC","CC",NA,"TT","CC","TT","CC","TT",16082
"TT","TT","CC","CC","CC","AA","AA","CC","TT","TT","TT",16086
"TT","TT","CC","CT","CT","AA","TT","CC","TT","CT","TT",16122
"CT","TT","TC","CT","CC","AA","TT","CC","TT","CT","TT",16135
"TT","AT","CC","CT","CT","AA","AT","CT","CT","CT","TT",16195
"CC","AT","TC","TT","CC","GG","AA","TT","TT","CC","TT",16238
"CC","TT","TC","CT","CC",NA,"TT","CC","TT","TT","CT",16243
"CT","TT","TC","CT","CC","AG","AT","CC","TT","TT","TT",16257
"CC","TT","TT","TT","CC","AG","TT","CC","TT","CC","TT",16265
"CT","TT","CC","CC","CC","AA","TT","CC","TT","CT","CT",16266
"CC","TT","TC","CT","CC","AG","AT","CT","CT","CC","CT",16283
"CT","TT","CC",NA,"CC","AG","AT","CC","TT","TT","CT",16295
"CT","TT","CC","CC","CC","AA","TT","CC","TT","TT","CT",16296
"CT","TT","TC","CT","CC","AG","AT","CC","TT","CT","TT",16411
"TT","TT","CC","CC","CC","AA","TT","CC","TT","CT","TT",16423
"TT",NA,"CC","CC","CC","AA","TT","CC","TT","CC","TT",16501
"TT","AT","CC","CT","CC","AA","TT","CC","TT","CC","TT",16509
"TT","AT","CC","CT","CT","AG","AT","CT","CT","CC","TT",16547
"CT","TT","CC","CC","CC","AA","TT","CC","TT","CT","CT",16550
"TT","TT","CC","CC","CC",NA,"TT","CC","TT","CT","TT",16565
"CC","TT","TC",NA,"CC","AG","AT","CT","CT","TT","CT",16589
"TT","TT","CC","CC","CC","AA","TT","CC","TT","CT","TT",16615
"TT","TT","CC","CC","CC","AA","TT","CC","TT","CT","CC",16618
"CT","TT","TC","CT","CC","AG","AT","CC","TT","CT","TT",16619
"TT",NA,"CC",NA,"CC","AA","TT","CC","TT","TT","TT",16709
"CT","AT","TT","TT","CC","GG","AA","TT","TT","CC","TT",16710
"TT","TT","CC","CC","CC","AA","TT","CC","TT","CT","TT",16738
"CT","TT","CC","CC","CC","AA","TT","CC","TT","CT","CT",16761
"TT","TT","CC","CC","CC","AA","TT","CC","TT","CT","TT",16984
"TT","TT","CC","CC","CC","AA","TT","CC","TT","TT","TT",17049
"TT","TT","CC","CC","CC","AG","AT","CC","TT","CT","TT",17050
NA,"AT","CC","CT","CT","AG","AT","CT","CT","CC","TT",17064
"TT","AT","CC","CT","CC","AA","AT","CC","TT","TT","TT",17066
"CT","AT","CC","CT","CT","AG","AA","CT","CT","CC","CT",17082
"CT","AT","TC","TT",NA,"GG","AA","CT","TT","TT","TT",17093
"TT","TT","CC","CC","CC","AA","TT","CC","TT","CT","TT",17109
"TT","AT","CC","CT","CT",NA,"AT","CT","CT","CC","TT",17231
"CT","TT","TC","CT","CC","AA","TT","CC","TT","CC","TT",17252
"TT","AT","CC","CT","CT","AA","AA",NA,"CC","CC","TT",17266
"CT","TT","CC","CC","CC","AG","AT","CT","CT","CT","CT",17278
"TT","AT","CC","CT","CT","AG","TT","CC","TT","CT","TT",17297
"CC","TT","CC","CC","CC","AG","AA","TT","CC","CC","CC",17301
"CT","TT","TC","CT","CC","AG","AA","CC","TT","TT","TT",17330
"TT","AT","CC","CT","CT","AG","AT","CT","TT","CT","TT",17382
"CT","TT","TC","CT","CT","AA","TT","CC","TT","CT","TT",17386
"CT","TT",NA,"CC",NA,NA,"AT","CC","TT","TT","CT",17430
"CT","TT","CC","CC","CC","AA","AT","CT","CT","CC","CT",17447
"CC","TT","TC","CT","CC","AG","AT","CC","TT","TT","CT",17471
"CT","TT","TC","CT","CC","AG","AT","CC","TT","CT","TT",17496
"CT","AT","TC","TT","CC","AG","AT","CC","TT","TT","TT",17512
"TT","AT","CC","CT","CT","AG","TT","CC","TT","TT","TT",17563
"TT","TT","CC","CC","CC","AA","TT","CC","TT","CT","TT",17633
"CT","TT","CC","CC","CC","AA","AT","CT","CT","CC","CT",17645
"TT","TT","CC","CC","CC","AA","TT","CC","TT","CC","TT",17650
"CT",NA,NA,"CC","CC",NA,"TT","CC","TT","TT","CT",17659
"TT","TT","CC","CC","CC","AA","TT","CC","TT","CC","TT",17739
"CT","TT","CC","CC","CC","AA","TT","CC","TT","CT","CT",17740
"TT","TT","CC","CC","CC","AA","TT","CC","TT","CT","TT",17815
"CC","TT","TC","CT","CC","AA","TT","CC","TT","CT","CT",17816
"CT","TT","TC","CT","CC","AG","AT","CC","TT","CT","TT",17834
"CT","TT","TC","CT","CC","AG","TT","CC","TT","CC","TT",17957
"CT","TT","TC","CT","CC","AG","TT","CC","TT","TT","TT",17978
"TT","TT","CC","CC","CC","AA","AT","CC","TT","CT","TT",18071
"CT","TT","TC","CT","CC","AA","TT","CC","TT","CC","TT",18132
"CT","TT","CC","CC","CC","AA","TT",NA,"TT","CC","CT",18133
"TT","AT","CC","CT","CT",NA,"AT","CT","CT","CC","TT",18150
"CT","TT","TC","CT","CC","AG","AT","CT","CT","CT","TT",18167
"CT","TT","TC","CT","CC","AG","AT","CC","TT","CC","TT",18177
"CT","TT","CC",NA,"CC","AA","TT","CC","TT","CT","CT",18181
"CT","TT",NA,NA,"CC","AA","TT","CC",NA,"CC","CT",18388
"TT","TT","CC","CC","CC","AA","TT","CC","TT","CT","TT",18432
"TT","AT","CC","CT","CC","AG","AT","CT","CT","CT","TT",18477
"TT","AT","CC","CT","CC","AA","TT","CC","TT","CT","TT",18592
"TT","TT","CC",NA,"CC",NA,"TT","CC","TT","CT","TT",18618
"TT","TT","CC","CC","CC","AA","TT","CC","TT","CT","TT",18677
"TT","TT","CC","CC","CC","AA","TT","CC","TT","TT","TT",18720
"CT","AT","TC","TT",NA,"GG","AA","CT","CT","CC","TT",18778
"TT","TT","CC",NA,"CC","AA","TT","CC","TT","CT","TT",18781
"CT","AT","CC","CT","CT","AG","AT","CT","CT","CC","CT",18784
"TT","AT","CC","CT","CT","AG","AT","CT","CT","TT","TT",18883
"TT","TT","CC","CT","CC","AA","TT","CC","TT","CT","TT",18956
"TT","TT","CC","CT","CC","AA","TT","CC","TT","CT","TT",18991
"CT","AT","TC","TT",NA,"GG","AT","CT","CT","CC","TT",19039
"TT","AT","CC","CT","CT",NA,"AT","CT","TT","CT","TT",19094
"TT","AA","CC","TT","CT","AG","AT","CT","CT","CC","TT",19148
"CT","TT","CC","CC","CC","AA","TT","CC","TT","TT","CT",19167
"CT","TT","CC","CC","CC","AA","TT","CC","TT","CC","CT",19190
"TT","TT","CC","CC","CC","AG","AT","CT","CT","CC","TT",19233
"CT","TT","CC",NA,"CC","AA","AT","CT","CT","TT","CT",19273
"CT","TT","TC","CT","CC","AA","TT","CC","TT","TT","TT",19286
"TT","TT","CC","CC","CC",NA,"AT","CC",NA,"TT","TT",19292
"CT","TT","CC","CC","CC","AG","TT","CC","TT","TT","CT",19322
"CT","TT","CC","CC","CC","AA","TT","CC","TT","TT","CT",19333
"TT","TT","CC","CC","CC","AG","TT","CC","TT","TT","TT",19368
"CC","TT","TT","TT","CC","GG","AT","CT","TT","CT","TT",19397
"CT","AT","TC","TT",NA,"GG","AT","CC","TT","CT","TT",19424
"TT","AT","CC","CT","CT","AG","AA","CT","TT","CC","TT",19514
"TT","AA","CC","TT","CC","AA","TT","CC","TT","CC","TT",19525
"CC","TT","CC","CC","CC","AA","TT","CC","TT","TT","CC",19570
"TT","TT","CC","CC","CC","AA","TT","CC","TT","CC","TT",19572
"CC","TT","TT","TT","CC",NA,"AA","CT","TT","CC","TT",19642
"CT","AT","CC","CT","CT","AG","AT","CT","CT","CC","TT",19666
"CT","TT","TC","CT","CC","AA","TT","CC",NA,"CT","TT",19682
"TT","AT","CC","CT","CT","AG","AA","CT","CC","CC","TT",19694
"TT","AT","CC","TT","TT","AG","TT","CC","TT","TT","TT",19828
"TT",NA,"CC",NA,"CT","AG","TT","CC","TT","CC","TT",19831
"TT","AT","CC","CT","CT","AG","AT","CT","CT","TT","TT",19919
"TT","AT","CC","CT","CC",NA,"TT","CC","TT","CC","TT",19978
"CT","AT","TC","TT",NA,"GG","AT","CT","CT","TT","TT",20043
"CT","TT","CC","CC","CC","AA","TT","CC","TT","TT","CT",20115
"TT","AT","CC","CT","CT","AG","AT","CT","CT","CC","TT",20146
"CT","AT","TC","TT","CC",NA,"AT","CT","CT","CC","TT",20176
"TT","TT","CC","CC","CC","AA","TT","CC","TT","CT","TT",20365
"CT","TT","TC","CT","CC","AG","AT","CC","TT","CC","TT",20429
"CC","TT","TC","CT","CC","AA","TT","CC","TT","TT","CT",20490
"CC","TT","CC","CC","CC","AA","TT","CC","TT","TT","CC",20491
"CT","TT","CC","CC","CC","AA","TT","CC","TT","CT","CT",20532
"TT","TT","CC","CC","CC","AG","AT","CC","CT","CT","CT",20534
"TT","TT","CC","CC","CC","AA","TT","CC","TT","CC","TT",20542
"CC","TT","TC","CT","CC","AG","TT","CC","TT","TT","CT",20543
"CT","TT","CC","CC","CC","AA","TT","CC","TT",NA,"CT",20581
"TT","TT","CC","CC","CC","AA","TT","CC","TT","CT","TT",20616
"CT","TT","CC","CC","CC","AA","TT","CC","TT","CT","CT",20617
"CT","AT","TC","TT",NA,"AG","AA",NA,"CC","CC","TT",20649
"CT","AT","CC","CT","CT","AG","AT","CT","CT","CC","CT",20653
"TT","TT","CC","CC","CC","AA","TT","CC","TT","CT","TT",20665
"TT","AT","CC",NA,NA,"GG","AA","CT","CT","TT","TT",20672
"TT","TT","CC","CC","CC","AA","TT","CC","TT","CC","TT",20710
"TT","TT","CC","CC","CC","AG","AT","CT","CT","CT","TT",20758
"TT","TT","CC","CC","CC","AG","AT","CT","CT","TT","TT",20774
"CT","TT","CC","CC","CC","AA","TT","CC","TT","CT","CT",20791
"CT","TT","CC","CC","CC","GG","AA","TT","CC","CC","CT",20800
"TT","AT","CC",NA,"CT","AG","AA","CT","CT","CT","TT",20817
"TT","AA","CC","TT","CT","AG","AT","CT","TT","CT","TT",20828
"CT","TT","CC","CC","CC","AG","AT","CT","CT","CT","CT",20892
"TT","TT","CC","CC","CC","AA","TT","CC","TT","TT","TT",20928
"TT","AA","CC",NA,"TT","GG","AA","TT","CC","TT","TT",20947
"CC","TT","TT","TT","CC","AG","AT","CC","TT","CT","TT",21012
"CC","AT","TT","TT","CC","AG","TT","CC","TT","TT","TT",21072
"CT","AT","TC","TT",NA,"GG","AA","TT","CC","CC","TT",21101
"CT","TT","TC","CT","CC","AA","AT","CC","TT","TT","TT",21105
"CC","TT","TT","TT",NA,"GG","AT","CT","CT","CC","TT",21127
"CT","TT","TC","CT","CC","AG","AT","CT","CT","CC","TT",21212
"CT","AT","CC","CT","CT","AG","AT","CT","CT","CT","CT",21264
"CC","TT","TC",NA,"CC","AA","AT","CT","CT","CC","CT",21357
"TT","TT","CC","CC","CC","AA","TT","CC","TT","CC","TT",21396
"TT","AT","CC",NA,"CC","AG","AT","CT","CT","CC","TT",21503
"TT","AT","CC","CT","CC","AA","TT","CC","TT","CT","TT",21533
"CT","AT","CC","CT","CT","AG","AA","CT","CT","CC","CT",21543
"CC","TT","TT","TT","CC","AG","AT","CC","TT","CC","TT",21615
NA,NA,NA,NA,NA,NA,NA,NA,NA,NA,NA,21621
"CT","TT","TC","CT","CC","AG","TT","CC","TT","CT","TT",21628
"CT","TT","TC","CT","CC","AG","AT","CT","CT","CC","TT",21632
"CT","TT","TC","CT","CC","AA","AT","CC","TT","CT","TT",21647
"CT","TT","CC","CC","CC","AA","TT","CC","TT","CT","CT",21649
"TT","TT","CC","CC","CC","AA","TT","CC","TT","CT","TT",21697
"CC","TT","TC","CT","CC","AG","AT","CC","TT","CT","CT",21721
"CT","AA","TC","TT","CC","AG","TT","CC","TT","TT","TT",21748
"CC","AA","TT","TT","CC","GG","AA","TT","TT","CC","TT",21862
"TT","TT","CC","CC","CC","AA","TT","CC","TT","TT","TT",21869
"CT","TT","TC","CT","CC","AA","TT","CC","TT","CT","TT",21886
"CT","TT","TC","CT","CC","AG","TT","CC","TT","CT","TT",21991
"CT","TT","CC","CC","CC","AA","AT","CC","TT","TT","CT",21994
"TT","TT","CC","CC","CC","AA","TT","CC","TT","CT","TT",22036
"CT","AT","TC","TT","CT","AG","AT","CT","CT","CT","TT",22051
"TT","AT","CC","CT","TT","GG","AT","CT","CT","CC","TT",22066
"CT","TT","CC","CC","CC","AA","AT","CC","TT","TT","CT",22079
"TT","TT","CC","CC","CC","AA","TT","CC","TT","TT","TT",22110
"CT","TT","CC","CC","CC","AG","TT","CC","TT","TT","CT",22157
"CT","TT","CC","CC","CC","AA","TT","CC","TT","CT","CT",22201
"CT","AT","TC","TT","CC","AG","AT","CC","TT","CC","TT",22392
"CC","TT","TC","CT","CC","AA","TT","CC","TT","CC","CT",22429
"TT","TT",NA,"CC","CC","AA","TT","CC",NA,"CT","TT",22453
"TT","TT","CC","CC","CC","AA","AT","CC","TT","CT","TT",22457
"CT","TT","TC","CT","CC","AG","AT","CT","CT","CC","TT",22470
"TT","AT","CC","TT","CT","AG","AT","CT","CT","CC","TT",22493
"CT","TT","CC","CC","CC","AA","TT","CC","TT","CT","CT",22537
"TT","TT","CC","CC","CC","AA","TT","CC","TT","CC","TT",22582
"CT","TT","CC","CC","CC","AA","TT","CC","TT","CT","CT",22665
"TT","TT","CC","CC","CC","AG","AT","CT","CT","CT","TT",22675
"TT","AT","CC","CT","CC","AA","TT","CC","TT","CC","TT",22685
"CT","TT","CC","CC","CC","AA","TT","CC","TT","CT","CT",22742
"CC","TT","TC","CT","CC","AG","TT","CC","TT","CC","CT",22756
"CT","TT","TC","CT","CC","AA","TT","CC","TT","CT","TT",22783
NA,NA,NA,NA,NA,NA,NA,NA,NA,NA,NA,22814
"CT","TT","TC","CT","CC","AA","TT","CC","TT","CT","TT",22815
"TT","TT","CC","CC","CC","AA","TT","CC","TT","CT","TT",22823
"CT","TT","TC","CT","CC","AA","TT","CC","TT","CT","TT",22838
"CT","TT","CC","CC","CC","AA","TT","CC","TT","CC","CT",22895
"CT","TT","TC","CT","CC","AA","AT","CT","TT","CT","TT",22903
"CT","TT","CC","CC","CC","AA","AT","CC","TT","CT","CT",22986
"TT","TT","CC","CC","CC","AA","AT","CC","TT","CT","TT",23003
"TT","TT","CC","CC","CC","AA","TT","CC","TT","CT","TT",23004
"CC","TT","CC","CC","CC","AA","AT","CT","CT","CT","CC",23149
"TT","TT","CC","CC","CC","AA","TT","CC","TT","CT","TT",23185
"CT","TT","TC","TT","CC","AG","AT","CT","CT","CT","TT",23236
"TT","TT","CC","CC","CC","AA","TT","CC","TT","TT","TT",23237
"CT","TT","CC","CC","CC","AA","TT","CC","TT","TT","CT",23251
"TT","AT","CC","CT","CC","AA","TT","CC","TT","CT","TT",23256
"CC","TT","TC","CT","CC","AA","AT","CT","CT","CT","CT",23294
NA,"AT","CC","CT","CT","AG","AT","CT","CT","CC","TT",23348
"TT","TT","CC","CC","CC","AA","TT","CC","TT","CT","TT",23475
"TT","AT","CC","CT","CT","AG","AT","CT","CT","CT","TT",23502
"CC","AT","TT","TT","CC","AA","TT","CC","TT","CT","TT",23511
"TT","AT","CC","CT","CT","AA","AT","CT","CT","CT","TT",23523
"CT","TT","TC","CT","CC","AA","TT","CC","TT","TT","TT",23551
"CC","TT","TC","CT","CC","AG","AT","CT","CT","CT","CT",23563
"TT","TT","CC","CC","CC","AA","TT","CC","TT","CC","TT",23564
"CT","TT","CC","CC","CC","AA","AT","CC","TT","CT","CT",23639
"CT","TT","CC","CC","CC","AA","TT","CC","TT","CT","CT",23664
"CT","TT","TC","CT","CC","AG","TT","CC","TT","TT","TT",23671
"TT","TT","CC",NA,"CC","AA",NA,"CC","TT","CT","TT",23682
"CC","TT","TC","CT","CC","AG","TT","CC","TT","TT","CT",23692
"TT","AT","CC","CT","CT","AG","AT","CT","CT","CT","TT",23701
"TT","TT","CC","CT","CT","AG","AT","CT","TT","CC","TT",23729
"CC","TT","TC","CT","CC","AA","TT","CC","TT","CC","CT",23732
"CC","TT","CC","CC","CC","AA","TT","CC","TT","TT","CC",23734
"CT","AT","TC","CT","CC","AA","TT","CC","TT","CT","TT",23736
"CT","TT","TC","CT","CC","AG","AT","CC","TT","CT","TT",23800
"TT","TT","CC","CC","CC","AA","TT","CC","TT","CT","TT",23824
"CT","TT","TC","CT","CC","AG","TT","CC","TT","TT","TT",23834
"CT","AT","CC","CT","CT","AG","AT","CT","TT","CC","CT",23848
"TT","TT","CC","CC","CC","AA","TT","CC","TT","CC","TT",23856
"TT","AT","CC","CT","CC","AA","TT","CC","TT","CT","TT",23868
"TT","AT","CC","CT","CT","AG","AT","CT",NA,"CT","TT",23895
"TT","AT","CC","CT","CC","AA","AT","CC","TT","CT","TT",23908
"TT","TT","CC","CT","CT","AA","TT","CC","TT","CT","TT",23941
"CT","TT","TC","CT","CC","AG","TT","CC","TT","CT","TT",23942
"CC","TT","TC","CT","CC","AG","TT","CC","TT","TT","CT",23958
"CT",NA,NA,"CC","CC","AA","TT","CC",NA,NA,"CT",24040
"CT","TT","TC","CT","CC","AG","AT","CC","TT","CC","TT",24167
"CC","TT","TC","CT","CC","AA","TT","CC","TT","CT","CT",24193
"CT","AT","TC","TT","CC","AG","AT","CC","TT","CT","TT",24217
"TT","TT","CC",NA,"CC","AA","TT","CC","TT","TT","TT",24219
"TT","TT","CC","CC","CC","AA","TT","CC","TT","TT","TT",24299
"TT","AT","CC","CT","CT","AG","AT","CT","CT","CC","TT",24382
"CT","TT","TC","CT","CT","AG","AA","CT","CT","CC","TT",24427
"CC","TT","CC","CC","CC",NA,"AA","TT","CC","CC","CC",24512
"TT","TT","CC",NA,"CC",NA,"TT","CC","TT","CT","TT",24513
"TT","TT","CC","CC","CC","AA","TT","CC","TT","CT","TT",24522
"CT","TT","TC","CT","CC","AA","AT","CT","CT","CC","TT",24524
"CC","TT","TC","CT","CC","AG","AA","TT","CC","CT","CT",24526
"CT","TT","TC","CT","CC","AG","TT","CC","TT","CT","TT",24572
"CT",NA,"TC","TT",NA,NA,NA,"CT","CT",NA,NA,24580
"TT","TT","CC","CC","CC","AA","TT","CC","TT","CT","TT",24659
"CT","AT","TC","TT","CC","AG","TT","CC","TT","TT","TT",24694
"CT","TT","CC","CC","CC",NA,"AT","CC","TT","TT","CT",24719
"CT","TT","TC","CT","CC","AG","AT","CT","CT","CC","TT",24813
"CT",NA,"TC","CT","CC","AA","TT","CC","TT","CT","TT",24831
"CT",NA,"TC","CT","CC","AA","TT","CC",NA,NA,"TT",24837
"TT","AT","CC","CT","CC","AG","AT","CT","CT","CT","TT",24845
"TT","AT","CC","TT","CT","AA","TT","CC","TT","CC","TT",24917
"CC","TT","TC","CT","CC","AG","TT","CC","TT","CC","CT",24954
"CT","TT","TC","CT","CC","AA","AT","CC","TT","CC","TT",25060
"CT","TT","TC","CT","CC","GG","AA","CT","CC","CC","CT",25149
"TT","TT","CC",NA,"CC","AG","TT","CC","TT","TT","TT",25165
"CT","TT","TC","CT","CC","AG","AT","CT","CT","CT","TT",25179
NA,"TT","CC","CC","CC","AA","TT","CC",NA,"CT",NA,25385
"CC","TT","TC","CT","CC","AG","AT","CC","TT","TT","CT",25390
"TT","AT","CC","CT","CT","AG","AA","CT","CT","CT","TT",25411
"TT","TT","CC","CC","CC","AG","AT","CT","CT","CC","TT",25479
"TT","AT","CC",NA,"CT","AG","AA","CT","CT","TT","TT",25483
"CC","TT","TC","CT","CC",NA,"AA","TT","CC","CC","CT",25529
"CT","TT","CC","CC","CC","AA","AT","CT","CT","CC","CT",25598
"TT","TT","CC","CC","CC","AA","TT","CC","TT","CC","TT",25615
"TT","TT","CC","CC","CC",NA,"AT","CT","CT","CC","TT",25621
NA,"TT","TC","CT","CC","AA","AT","CT","CT","CC","TT",25646
"CT","AT","TC","TT",NA,"GG","AA","CT","CT","CT","TT",25651
"CT","TT","TC","CT","CC","AG","AT","CT","CT","CC","TT",25657
"CT","TT","CC","CC","CC","AA","TT","CC","TT","CT","CT",25664
"CT","TT","CC","CC","CC","AA","TT","CC","TT","CT","CT",25704
"CT","TT","CC","CC","CC","AA","TT","CC","TT","TT","CT",25808
"CT","TT","CC","CC","CC","AA","TT","CC","TT","CT","CT",25819
"TT","TT","CC","CC","CC","AA","TT","CC","TT","CT","TT",25822
"CT","TT","CC","CC","CC",NA,"TT","CC","TT","CT","CT",25880
"CC","TT","CC","CC","CC","AA","TT","CC","TT","TT","CC",25883
"TT","AT","CC","CT","CT","AG","TT","CC","TT","CT","TT",25893
"CT","TT","TC","CT","CC","AG","AT","CC","TT","CT","TT",26046
"CT","TT","TC","CT",NA,"AA","TT","CC","TT","CT",NA,26104
"CC","TT","TC","CT","CC","AA","TT","CC","TT","CC","CT",26133
"CT","AT","TC","TT",NA,"GG","AA","CT","CT","CT","TT",26163
"CT","AT","TC","TT",NA,"GG","AA","TT","CC","CT","TT",26352
"TT","TT","CC","CC","CC","AA","TT","CC","TT","CT","TT",26431
"CT","TT","CC","CC",NA,"AA","TT","CC","TT","CT","TT",26494
"CT","TT","TC","CT","CC","AG","AT","CT","CT","CC","TT",26495
"TT","TT","CC",NA,"CC","AA","TT","CC","TT","TT","TT",26518
"TT","AT","CC","CT","CT","AG","AA","CT","CT","CT","TT",26530
"CC","TT","TC",NA,"CC","AA","TT","CC","TT",NA,"CT",26541
"CT","TT","TC","CT",NA,"AG","AT","CT","CT","CC","TT",26683
"TT","AA","CC","TT","TT","GG","AT","CT","CT","CT","TT",26694
"CT","TT","TC","CT","CC","AA","TT","CC","TT","CC","TT",26709
"TT","AT","CC","CT","CT","AG","AT","CT","TT","CT","TT",26744
"CT","AT",NA,NA,NA,"AA","TT","CC",NA,"CT","CT",26760
"CT","AT",NA,"TT",NA,NA,"AT","CT",NA,"CT",NA,26794
"CC","AT","TT","TT","CC","GG","AT","CC","TT","CT","TT",26831
"CT","AT","CC","CT","CT",NA,"TT","CC","TT","TT","CT",26836
"TT","TT","CC","CC","CC","AA","TT","CC","TT","CT","TT",26898
"CC","TT","TC","CT","CC","AA","AT","CT","CT","CT",NA,26938
"CT","TT","CC","CC","CC","AA","TT","CC","TT","TT","CT",26978
"CT","AT","CC","CC","CT","AG","AT","CT","CT","CT","CT",27007
"CT","TT","TC","CT","CC","AG","AT","CC","TT","CT","TT",27027
"TT","TT","CC","CC","CC","AA","TT","CC","TT","CT","TT",27070
"CT","AT","TC","TT",NA,"AG","AT","CT","TT","CC","TT",27083
"CT","TT","TC","CT","CC","AA","TT","CC","TT","CC","TT",27091
"TT","AT","CC","CT","CT","AG","TT","CC","TT","CT","TT",27159
"CT","TT","TC",NA,"CC","AG","AT","CT","CT","CC","TT",27185
"TT","TT","CC","CC","CC","AA","TT","CC","TT","CT","TT",27193
"TT","TT","CC","CC","CC",NA,"TT","CC","TT","CT","TT",27255
"CT","AT","CC","CT","CT","AG","AT","CT","CT","CT",NA,27274
"CT","TT","CC","CC","CC","AA","TT","CC","TT","TT","CT",27294
"CT","TT","CC","CC","CC","AA","AT","CT","CT","CT","CT",27326
"TT","TT","CC","CC","CC","AA","TT","CC","TT","CT","TT",27377
"CT","TT",NA,"CC","CC","AA","AA","CT","CT","CC","CT",27386
"CT","AT","TC","TT",NA,"AG","AT","CT","CT","CC","TT",27390
"CC","TT","CC",NA,"CC","AA","AT","CC","TT","CT","CC",27399
"TT","AA","CC","TT","CT","AG","AT","CT","CT","CC","TT",27403
"CC","TT","TC","CT","CC","AA","TT","CC","TT","CT","CT",27436
"TT","TT","CC","CC","CC",NA,"TT","CC","TT","TT","TT",27496
"CT","TT","CC","CC","CC","AA","AT","CC","CT","CT","CT",27507
"TT","TT","CC","CC","CC","AA","TT","CC","TT","TT","TT",27540
"TT","AT","CC","CT","CC","AA","TT","CC","TT","TT","TT",27553
"TT","TT","CC","CC","CC","AA","TT","CC","TT","CT","TT",27559
"TT","AT","CC","CT","CC","AA","TT","CC","TT","CT","TT",27567
"CT","TT","CC",NA,"CC","AA","TT","CC","TT","CT","CT",27580
"CT","AT","TC","TT",NA,"AG","AT","CT","CT","CT","TT",27611
"TT","TT",NA,"CC","CC","AA","TT","CC","TT","CT","TT",27730
"TT","TT","CC","CC","CC","AA","AT","CC","TT","TT","TT",27732
"TT","TT",NA,"CC","CC",NA,"TT","CC",NA,"CT","TT",27743
"TT","TT","CC","CC","CC","AA","TT","CC","TT","TT","TT",27763
"TT","TT","CC","CC","CC","AA","TT","CC","TT","CC","TT",27768
"CT","TT","CC","CC","CC","AA","TT","CC","TT","CT","CT",27771
"CT","TT","CC","CC","CC","AA","AT","CC","TT","CT","CT",27785
"TT","AT","CC","CT","CC","AA","TT","CC","TT","CT","TT",27939
"TT","AA","CC","TT","CT","AG",NA,"CC","TT","CT","TT",28005
"TT","TT","CC","CC","CC","AA","TT","CC","TT","CC","TT",28053
"TT","TT","CC","CC","CC","AG","TT","CC","TT","CT","TT",28135
"CT","TT","TC","CT","CC","AA","TT","CC","TT","CT","TT",28136
"CT","AT","CC","CT","CT","AG","AT","CT","CT","CT","CT",28139
"CT","TT","TC",NA,"CC","AG","AT","CT","CT","CC","TT",28140
"TT","AT","CC","CT","CT","AG","AT","CT","TT","CT","TT",28159
"CT","TT","CC","CC","CC","AA","TT","CC","TT","CT","CT",28201
"TT","AT","CC","CT","CT","AG","AT","CT","CT","CT","TT",28244
"CT","TT","TC","CT","CC","AA","TT","CC","TT","CT","TT",28280
"CT","TT","TC","CT","CC","GG","AA","CT","CT","TT","TT",28385
"TT","AA","CC","TT","CT","AG","TT","CC","TT","CT","TT",28428
"TT","TT","CC","CC","CC","AA","TT","CC","TT","CC","TT",28440
"CC","TT","TC","CT","CC","AG","AT","CC","TT","CT","CT",28460
"CT","TT","TC","CT","CC","AG","AT","CT","TT","CT","TT",28598
"CT","AT","CC","CT","CT","AG","AT","CT","CT","CC","CT",28621
"TT","AT",NA,NA,NA,"AG","AT","CC","TT",NA,"TT",28657
"CT","AT","CC","CT","CT","AG","AT","CT","CT","CT","CT",28671
"CT","TT","CC","CC","CC","AA","TT","CC","TT","CT","CT",28758
"CT","AT","TC","TT",NA,"AG","AT","CT","CT","CC","TT",28797
"CT","AT","CC","CT","CC","AA","TT","CC","TT","TT","CT",28842
"CT","TT","TC","CT","CC",NA,"AT","CC","TT","CT",NA,28854
"TT","TT","CC","CC","CC","AA","TT","CC","TT","CC","TT",28870
"CT","TT","CC","CT","CC","AA","TT","CC","TT","TT","CT",28874
"TT","TT","CC","CC","CC","AA","TT","CC","TT","TT","TT",28879
"TT","AT","CC","CT",NA,"AG","AT","CT","CT","CC","TT",28883
"TT","AT","CC","CT","CT","AA","AT","CT","CT","CT","TT",28898
"CT","TT","CC","CC","CC","AA","TT","CC","TT","CT","CT",28905
"TT",NA,NA,"CC","CC",NA,"TT","CC",NA,"TT",NA,28924
"CT","TT","CC","CC","CC","AA","TT","CC","TT","TT","CT",28927
"CT","TT","TC","CT","CC","AA","TT","CC","TT","CC","TT",29002
"CT","TT",NA,"CT","CC","AA","TT","CC","TT","CC","TT",29034
"TT","AA","TC","TT","CC","GG","AT","CT","TT","CC","TT",29039
"TT","AT","CC","CT","CT","AG","AT","CT","CT","CT","TT",29065
"TT","TT","CC","CC","CC","AA","AA","CC","TT","CT","TT",29100
"CT","TT","TC","TT","CC","AA","TT","CC","TT","TT","TT",29109
"CT","TT","TC","CT","CC","AG","AA","CC","TT","CT","TT",29272
"TT","AT","CC","CT","CT","AG","TT","CC","TT","TT","TT",29315
"CT","TT","CC","CC","CC","AA","AT","CC","TT","TT","CT",29317
"CC","TT","CC","CC","CC","AA","TT","CC","TT","TT","CC",29329
"CT","TT","TC","CT","CC","AA","TT","CC","TT","TT","TT",29344
"CT","TT","TC","CT","CC","AG","AT","CC","TT","CT","TT",29377
"TT","TT",NA,"CC","CC",NA,"TT","CC","TT","CT","TT",29509
"CT","AT","TC","TT",NA,"GG","AA","TT","CC","CC","TT",29584
"CT","TT","TC","CT","CC","AA","TT","CC","TT","TT","TT",29657
"TT","TT","CC","CC","CC","AA","TT","CC","TT","CT","TT",29671
"CT","AT","CC","CT","CT","AG","AT","CT","CT","CT",NA,29743
"TT","TT","CC","CC","CC","AA","TT","CC","TT","CT","TT",29807
"CT","AT","CC","CT","CT","AG","AA","CT","TT","CC","CT",29870
"CT","TT","TC","CT","CC","AA","AT","CC","TT","TT","TT",29875
"TT","AA","TC","TT","CC","GG","AA","CT","TT","CC","TT",29881
"TT","AT","CC","CT","CC","AA","TT","CC","TT","CC","TT",29882
"TT","AT","CC","CT","CC",NA,"TT","CC","TT","CC","TT",29917
"TT","TT","CC","CC","CC","AA","TT","CC","TT","CT","TT",29932
"TT","AT","CC","CT","CT","AG","TT","CC","TT","CC","TT",29954
"CT","TT","CC","CC","CC","AA","TT","CC","TT","CT","TT",29962
"CT","TT","CC","CC","CC","AA","TT","CC","TT","TT","CT",29984
"TT","AT","CC","CT","CT",NA,"AA","TT","CC","CT","TT",30072
"TT","AT","CC","CT","CT","AG","AA","CT","CT","TT","TT",30127
"CT","TT","TC","CT","CC","AA","TT","CC","TT","CC","TT",30171
"CC","AT","TC","TT","CC","GG","AA","CC","TT","CT","TT",30248
"CC","TT","TT","TT","CC","GG","AT","CC","TT","CT","TT",30403
"CT","TT","CC","CC","CC","AA","AT","CC","TT","CC","CT",30418
"CT","TT","CC","CC","CC",NA,"AT","CC","TT","TT","CT",30535
"TT","TT","CC","CC","CC","AA","TT","CC","TT","CT","TT",30592
"TT","TT","CC","CC","CC","AA","TT","CC","TT","CC","TT",30612
"TT","AT","CC","CT","CT","AA","AT","CT","CT","CT","TT",30726
"TT","AT","CC","CT","CT","AG","AT",NA,"TT","CT","TT",30728
"CT","TT","CC","CC","CC","AA","TT","CC","TT","TT","CT",30772
"TT","AT","CC","CT","CT","AG","AT","CT","CT","CC","TT",30893
"CC","TT","TC","CT","CC",NA,"AT","CC","TT","CT","CT",30914
"CT","TT","CC","CC","CC","AA","AT","CT","CT","CT","CT",30925
"CT","TT","TC","CT","CC","AG","AT","CT","CT","CC","TT",30941
"CT","AT","TC","TT",NA,"GG","AA","CT","CT","CC","TT",31053
"TT","AT","CC","CT","CT","AG","TT","CC","TT","TT","TT",31055
"TT","TT","CC","CC","CC","AG","AT","CT","CT","CT","TT",31093
"TT","TT","CC","CC","CC","AA","TT","CC","TT","CC","TT",31147
"TT","AT","CC","CT","CT","AG","AT","CT","CT","TT","TT",31189
"CC","TT","CC","CC","CC",NA,"TT","CC","TT","CT","CC",31203
"TT","AT","CC","CT","CT","AG","AT","CT","CT","CC","TT",31230
"CT","AT","CC","CT","CT","AG","AT","CT","CT","CT","CT",31244
"CC","TT","TC","CT","CC","AG","AT","CT","CT","CT","CT",31266
"TT","AT","CC",NA,"CT","AA","AT","CC","TT","CT","TT",31273
"CT","TT","TC","CT","CC","AA","AT","CT","CT","CT","TT",31431
"CT","AA","TC","TT","CC","AG","AT",NA,"TT","CC","TT",31459
"TT","TT","CC","CC","CC","AA","TT","CC","TT","CC","TT",31521
"CT","AT","TC","TT",NA,"AG","AT","CT","CT","CC","TT",31546
"TT","AA","CC","TT",NA,"AG","TT","CC","TT","CT","TT",31624
"TT","AT","CC","CT","CT","AG","TT","CC","TT","TT","TT",31626
"CT","AT","TC","TT","CC","AA","AT","CC","TT","CT","TT",31630
"CT","TT","CC","CC","CC","AA","TT","CC","TT","CC","CT",31647
"CC","TT","TC","CT","CC","AG","AT","CC","TT","CT","CT",31760
"CT","TT","CC","CC","CC","AA",NA,"CC","TT","CT","CT",31776
"CC","TT","TC","CT","CC","AG","AT","CT","CT","TT","CT",31792
"CT","TT","TC","CT","CC","AG","AT","CT","CT","CT","TT",31816
"TT","TT","CC","CC","CC","AA","TT","CC","TT","CT","TT",31829
"CT","TT","TC","CT","CC","AA","AT","CC","TT","CT","TT",31909
"TT","AT","CC",NA,"CC","AA","TT","CC","TT","CT","TT",31937
"CT","TT","TC","CT","CC",NA,"TT","CC","TT","TT","TT",31944
"CC","TT","CC","CC","CC","AA","TT","CC","TT","TT","CC",31954
"CT","TT","CC","CC","CC","AA","TT","CC","TT","CC","CT",32002
"CT","TT","CC","CC","CC","AA","TT",NA,"TT","CT","CT",32003
"CT","TT","TC","CT","CC",NA,"AT","CC","TT","CT","TT",32069
"CT","TT","CC","CC","CC","AA","AT","CC","CT","CT","CT",32117
"TT","AT","CC","CT","CC","AG","AT","CT","CT","CT","TT",32118
"TT","TT","CC",NA,"CC","AA","TT","CC","TT","CC","TT",32125
"TT","AT","CC","CT","CT","AG","AT","CT","TT","CT","TT",32160
"TT","TT","CC","CC","CC","AG","AT","CT","CT","CT","TT",32173
"TT","AT","CC","CT","CT","AG","AT","CT","CT","CC","TT",32201
"CT","TT","TC","CT","CC","AG","AT","CC","TT","CC","TT",32237
"CT","TT","TC",NA,"CC","AA","TT","CC","TT","CT","TT",32249
"TT","TT","CC","CC","CC","AA","AT","CC","TT","CT","TT",32251
"TT","TT","CC","CC","CC","AA",NA,"CC","TT","TT","TT",32268
"CT","TT","CC","CC","CC","AA","AT","CT","CT","CT","CT",32272
"TT","AT","CC","CT","CC","AA","TT","CC","TT","TT","TT",32371
"CT","TT","CC","CC","CC","AG","AT","CT","CT","CT","CT",32375
"TT","AT","CC","CT",NA,"AG","AT","CT","CT","CC","TT",32388
"TT","AT","CC","CT","CT","AG","TT","CC","TT","CT","TT",32392
"TT","TT","CC","CC","CC","AA","TT","CC","TT","CT","TT",32394
"TT","AT","CC","CT","CC","AA","TT","CC","TT","CT","TT",32410
"TT","TT","CC","CC","CC","AG","AT","CT","CT","CC","TT",32437
"CC","TT","CC","CC","CC","AA","TT",NA,"TT","CT","CC",32560
"CC","TT","CC","CC","CC","AA","AT","CT","CT","CT","CC",32565
"TT","AT","CC","CT","CT","AG","TT","CC","TT","TT","TT",32571
"CC","TT","TC","CT","CC","AA","TT","CC","TT","CT","CT",32588
"CT","AT","TC","TT","CC",NA,"AT","CT","CT","CT","TT",32696
"CC","TT","TT","CT","CC","AG","AA","CT","TT","CC","TT",32709
"TT","TT","CC","CC","CC","AA","TT","CC","TT","TT","TT",32727
"TT","AT","CC","CT","CT","AG","AT","CT","CT","CC","TT",32769
"CC","TT","TC","CT","CT","AG",NA,"CT","CC","CC","CT",32776
"CT","AT","CC","CT","CT","AG","AT","CC","TT","CT","CT",32822
"CT","TT","CC","CC","CC","AA","TT","CC","TT","TT","CT",32901
"CT","AT","CC","CT","CT","GG","AA","CT","CT","CC","CT",32904
"CT","TT","CC","CC","CC","AG","AT","CT","CT","CT","CT",32938
"CT","TT","TC","CT","CC","AG","AT","CC","TT","CT","TT",32970
"TT","TT","CC","CC","CC","AG","AT","CT","CT","CT","TT",33102
"TT","TT","CC","CC","CC","AA","TT","CC","TT","CT","TT",33136
"CT","AT","CC","CT","CC","AA","TT","CC","TT","CC","CT",33156
"TT","AA","CC","TT","TT","GG","AA","TT","CC","CC","TT",33157
"TT",NA,NA,"CC","CC","AA","TT","CC",NA,NA,"TT",33171
"CT","AT","CC","CT","CT","AG","AT","CT","CT","CT","CT",33193
"TT","TT","CC","CC","CC","AA","TT","CC","TT",NA,"TT",33235
"TT","TT","CC","CC","CC","AA","TT","CC","TT","TT","TT",33237
"CC","TT","TC","CT","CC","AA","TT","CC","TT","CT","CT",33281
"CC","TT","TT","TT","CC","GG","AA","TT","TT","CC","TT",33322
"CT","TT","TC","CT","CC","AG","AT","CT","CT","CT",NA,33334
"CC","TT","TT","TT","CC","GG","AA","TT","TT","CC","TT",33355
"CT","TT","TC","CT","CC","AA","AT","CC","TT","CC","TT",33399
"CC","TT","TC","CT","CC","AA","AT","CT","CT","CC","CT",33414
"TT","AT","CC","CT",NA,"AG","AT","CT","CT","CC","TT",33461
"CT","AT","TC","TT",NA,"AA","AT","CC","TT","CC","TT",33487
"CT","TT","TC","CT","CC","AA","TT","CC","TT","CT","TT",33595
"CT","TT","TC","CT","CC","AG","TT","CC","TT","CC","TT",33606
"CT","TT","TC","CT","CC","AA","TT","CC","TT","CT","TT",33616
"TT","AT","CC","CT","CT","AA","AT","CC","TT","CC","TT",33682
"TT","TT","CC","CC","CC","AA","TT","CC","TT","CC","TT",33876
"TT","AA","CC","TT","TT","GG","AT","CT","TT","CT","TT",33904
"CC","TT","TT","TT","CC",NA,"AA","CC","TT","CT","TT",33941
"CT","TT","TC","CT","CC","AA","TT","CC","TT","CT","TT",33959
"CT","TT","CC","CC","CC","AA","TT","CC","TT","CT","CT",33996
"CC","TT","TC","CT","CC","AG","AT","CT","CT","CT","CT",34003
"CT","TT","TC","CT","CC","AA",NA,"CC","TT",NA,"TT",34234
"CT","TT","CC",NA,"CC","AG","AT","CC","TT","TT","CT",34256
"CT","TT","TC","CT","CC","AG","TT","CC","TT","TT","TT",34262
"TT","AT","CC","CT","CC","AA","TT","CC","TT",NA,"TT",34303
"CT","AT","CC","CT","CC","AA","TT","CC","TT","TT","CT",34432
"TT","TT","CC","CC","CC","AA","AT","CC","TT","TT","TT",34456
"TT","AT","CC","CT","CT","AG","TT","CC","TT","CT","TT",34491
"TT","TT","CC","CC","CC","AA","TT","CC","TT","CC","TT",34536
"CT","TT","CC","CC","CC","AA","TT","CC","TT","TT","CT",34596
"CT","TT","TC","CT","CC","AA","TT","CC","TT","CC","TT",34624
"CT","AT","CC","CT","CT","AG","AT","CT","CT","CT","CT",34650
"CT","AT","TC","TT",NA,"GG","AA","TT","CC",NA,"TT",34697
"CT","AT","TC","TT","CC","AG","AT","CC","TT","CC","TT",34866
"TT","AT","CC","CT","CT","AG","AT","CT","CT","CT","TT",34890
"CT","AT","TC","TT",NA,"GG","AT","CC","TT","CC","TT",35029
"CC","TT","TC","CT","CC","AG","TT","CC","TT","CT","CT",35076
"TT","TT","CC","CC","CC","AA","TT","CC","TT","CC","TT",35083
"TT","TT","CC","CC","CC","AA","TT","CC","TT","CT","TT",35087
"TT","TT",NA,"CC","CC","AA","TT","CC",NA,"CT","TT",35133
"TT","AT","CC","CT","CT","AG","AT","CT","CT","CC","TT",35135
"TT","TT","CC",NA,"CC","AA","TT","CC","TT","TT","TT",35155
"CT","TT","TC","CT","CC","AA","AT","CC","TT","CT","TT",35261
"CT","TT","CC","CC","CC","AA","TT","CC","TT","CT","CT",35374
"CT","TT","TC","CT","CC","AG","AT","CC","TT","CT","TT",35396
"TT","TT","CC","CC","CC","AG","AA","TT","CC","CC","TT",35501
"CT","TT","CC","CC","CC","AA","AT","CT","CT","CC","CT",35504
"CT","TT","TC","CT","CC","AG","TT","CC","TT","TT","TT",35567
"CT","AT","TC","TT",NA,"AG","TT","CC","TT","CT","TT",35634
"TT","TT","CC","CC","CC","AA","TT","CC","TT","TT","TT",35686
"TT","TT","CC","CC","CC","AA","TT","CC","TT","TT","TT",35772
"CT","TT","TC","CT","CC","AG","AT","CC","TT","TT","TT",35774
"CC","AT","TT","TT","CC","GG","AA","TT","TT","CC","TT",35779
"CC","TT","TC","CT","CC","AG","TT","CC","TT",NA,"CT",35819
"TT","TT","CC","CC","CC","AA","TT","CC","TT","CT","TT",35880
"CT","TT","CC","CC","CC","AA","TT","CC","TT","CT","CT",35902
"TT","TT","CC","CC","CC","AA","TT","CC","TT","CC","TT",35952
"CT","AT","TC","TT","CT","AG","TT","CC","TT","CC","TT",35993
"TT","TT","CC","CC","CC","AA","TT","CC","TT","TT","TT",36103
"TT","TT","CC","CT","CC","AA","TT","CC","TT","CC","TT",36121
"TT","AT","CC","CT",NA,NA,"AT","CT","CT","CC","TT",36142
"TT","AT","CC","CT","CC","AA","TT","CC","TT","CC","TT",36184
"CT","TT","TC","CT","CC","AA","AT","CC","TT","CT","TT",36267
"TT","TT","CC",NA,"CC","AA","AT","CC","TT","CT","TT",36411
"CT","TT","TC","CT","CC","AG","AT","CC","TT","TT","TT",36418
"TT","AT","CC","CT","CT","AG","AT","CT","CT","CT","TT",36422
"CT","AT","CC","CT","CT","AG","AA","CT","CT","CC","CT",36423
"TT","TT","CC","CC","CC","AA","TT","CC","TT","CC","TT",36480
"CT","TT","CC","CC","CC","AA","TT","CC","TT","CC","CT",36516
"TT","TT","CC","CC","CC","AA","AT","CC","TT","CT","TT",36526
"CT","AT","TC",NA,"CC","AA","TT","CC","TT","CT","TT",36650
"TT","AT","CC","CT","CC","AG","AT","CC","TT","CC","TT",36690
"CT","TT","CC","CC","CC","AA","TT","CC","TT","CT","CT",36691
"CT","AT","TC","TT",NA,"GG","AA","CT","CT","CT","TT",36844
"TT","AA","CC","TT","CT","AG","AT","CT","CT","CC","TT",36945
"TT","AA","CC","TT","TT","GG","AA","TT","CC","TT","TT",36968
"TT","TT","CC","CC","CC","AA","TT","CC","TT","CT","TT",37039
"CC","TT","TT","TT",NA,"GG","AA","TT","CC","CC","TT",37067
"CC","TT","TC","CT","CC","AG","AT","CC","TT","CC","CT",37097
"CT","TT","CC","CC","CC","AA","TT","CC","TT","TT","CT",37115
"CT","TT","CC",NA,"CC","AG","AT","CC","CT","CT","CC",37138
"CT","TT","CC","CC","CC",NA,"AT","CC","TT","TT","CT",37163
"CT","TT","CC","CC","CC","AA","TT","CC","TT","TT","CT",37214
"TT","TT","CC","CC","CC","AA","TT","CC","TT","TT","TT",37240
"TT","TT","CC",NA,"CC",NA,"AT","CC","TT","CT","TT",37318
"TT","AT","CC","CT",NA,"GG","AA","TT","CC","CT","TT",37330
"CC","TT","TC","CT","CC","AG","AT","CC","TT","CC","CT",37341
"CC","TT",NA,"TT","CC","AG","AT","CC","TT","TT","TT",37424
"CT","TT","TC","CT","CC","AA","TT","CC","TT","CT","TT",37479
"CT","TT","TC","CT","CC","AA","TT","CC","TT","CT","TT",37568
"TT","AT","CC","CT","CT",NA,"AT","CT","CT","CC",NA,37573
"CT","TT",NA,NA,"CT","AG","AT","CT","CT","CC","TT",37620
"TT","AA","CC","TT","TT","GG","AT","CT","CT","CC","TT",37657
"CT","TT","TC","CT","CC","AA","AT","CC","TT","TT","TT",37688
"CC","TT","TT","TT","CC","AG","AT","CC","TT","CC","TT",37718
"CT","TT","TC","CT","CC","AA","TT","CC","TT","TT","TT",37723
"TT","AT","CC","CT","CC","AA","TT","CC","TT","CT","TT",37735
"CC","TT","TC","CT","CC","AG","TT","CC","TT","CT","CT",37744
"CT","AT","CC","CT","CT","GG","AT","CC","TT","TT","CT",37760
"CT","TT","TC","TT","CC","AA","TT","CC","TT","CT","TT",37830
"TT","AT","CC","CT","CT","AG","AT","CT","CT","CC","TT",37836
"CT","TT","TC","CT","CC","AA","TT","CC","TT","CT","TT",37862
"TT","TT","CC","CC","CC","AA","TT","CC","TT","CT","TT",37885
"CT","TT","TC","CT","CC","AA","TT","CC","TT","CT","TT",38027
"TT","TT",NA,NA,"CC",NA,"AT","CC",NA,"CT","TT",38082
"CC","TT","TT","TT","CC","GG","AT","CC","TT","CT","TT",38110
"TT",NA,NA,"CT","CT","AA","AT","CT","CT","CC","TT",38169
"TT","AT","CC","CT",NA,NA,"AT","CC","TT","TT","TT",38209
"CT","TT","TC","CT","CC","AA","TT","CC","TT","CT","TT",38227
"TT","TT","CC","CC","CC","AA","TT","CC","TT","CT","TT",38271
"CT","TT","TC",NA,"CC","GG","AT","CC","TT","CT","TT",38339
"CT","TT","TC","CT","CC","AG","AT","CC","TT","CC","TT",38382
"TT","TT","CC","CC","CC",NA,"AT","CT","TT","CT","TT",38493
"TT","AA","CC","TT","CT","AA","TT","CC","TT","CT","TT",38525
"CC","TT","TT","TT","CC","GG","TT","CC","TT","CC","TT",38585
"TT","AT","CC","CT","CT","AA","AT","CT","CT","CC","TT",38601
"CT","TT","TC","CT",NA,"AA","AT","CT","CT","CT","TT",38605
"CT","AT","TC","TT",NA,"GG","AA","CT","TT","CT","TT",38622
"CC","TT","TT","TT","CC","AG","AT","CT","TT","CC","TT",38679
"CC","TT","TC","CC","CC","AA","TT","CC","TT","CT","CT",38700
"TT","AT","CC","CT","CT","AG","AT","CT","CT","CC","TT",38761
"CT","AT","CC","CT","CT","GG","AA","CT","CT","CC","CT",38772
"TT","AT","CC","CT","CT","AG","AT","CC","TT","CT","TT",38875
"CT","AT","CC","CT","CT","AA","AA","TT","CC","CC","CT",38908
"CT","AT","CC","CT","CT","AG","AA","TT","CC","CC","CT",38909
"CT","AT","TC","TT","CC","GG","AA","TT","TT","CC","TT",38963
"TT","TT","CC","CC","CT",NA,"AT","CT","CT","CC","TT",39043
"CC","TT","TT","TT","CC","AA","TT","CC","TT","CT","TT",39061
"CT","TT","CC","CC","CC","AA","TT","CC","TT","TT","CT",39134
"TT","TT","CC","CC","CC","AA","TT","CC","TT","CT","TT",39170
"CT","AT","CC",NA,"CT","AG","AA","CT","CT","CT","CT",39190
"CT",NA,"TC","CT","CC","AG","TT","CC",NA,"CC","TT",39401
"CT","TT","CC",NA,"CC","AA","TT","CC","TT","CT","CT",39411
"TT","TT","CC","CC","CC","AA","AA","TT","CC","CT","TT",39480
"CT","AT","TC","TT","CC","GG","AT","CT","TT","CT","TT",39497
"CT","TT","CC","CC","CC","AG","AT","CT","CT","CT","CT",39504
"CT","TT","TC","CT","CC","AA","TT","CC","TT","CT","TT",39529
"TT","TT","CC",NA,"CC","AA","TT","CC","TT","CT","TT",39570
NA,"TT","CC","CC","CC",NA,"AT","CC","TT","TT","TT",39571
"TT","AT","CC","CT","CT","AG","AT","CT","CT","CT","TT",39578
"CT","TT","TC","CT","CC","AG","AT","CT","CT","CC","TT",39783
"CT","AT","TC","TT",NA,"GG","AT","CT","TT","CT","TT",39827
"CC","TT","CC","CC","CC","AA","TT","CC","TT","TT","CC",39881
"TT","AT","CC",NA,"CT","AA","AT","CT","CT","CC","TT",39995
"CT","AT","CC","CT","CC","AA","TT","CC","TT","CC","CT",40023
"CT","TT","CC","CC","CC","AA","TT","CC","TT","CT","CT",40029
"TT","TT","CC","CC","CC","AA","TT","CC","TT","CT","TT",40069
"TT","AT","CC",NA,"CT","AG","AA","CT","TT","TT","TT",40171
"TT","TT","CC","CC",NA,"AA","AT","CC","TT","CT","TT",40221
"CT","AT","TC","TT",NA,"GG","AA","CT","CT","TT","TT",40263
"CT","TT","TC","CT","CC","AG","AT","CC","TT","CT","TT",40291
"CC","TT",NA,"CT","CC","AG","TT","CC",NA,"TT","CT",40393
"TT","AT","CC","CT","CT","AG","AT","CT","CT","CT","TT",40400
NA,NA,NA,NA,"CC","AA","TT","CC",NA,NA,NA,40411
"CT","TT","CC","CC","CC","AA","TT","CC","TT","CC","CT",40434
"CC","AT","TC","TT","CC","AA","AT","CT","CT","CC","TT",40488
"CT","TT","TC","CT","CC","AA","TT","CC","TT","CT","TT",40495
"CT","TT","CC","CC","CC","AA","AT","CC","CT","CT",NA,40540
"CT","TT","TC","CT","CC","AG","AT","CC","TT","CT","TT",40612
"CC","AT","TT","TT","CC","GG","AA","TT","CT","CC","TT",40702
"CT","TT","CC","CC","CC","AA","AT","CC","CT","CC","CT",40746
"TT","TT","CC","CC",NA,"AA","TT","CC","TT","CC","TT",40770
"TT","TT","CC","CC","CC","AA","TT","CC","TT","CT","TT",40791
"TT","TT","CC","CC","CC","AA","AT","CC","TT","TT","TT",40859
"TT","TT","CC","CC","CC","AA","TT","CC","TT","CT","TT",40883
"CT","AT","CC","CT","CC","AA","TT","CC","TT","CT","CT",40898
"CT",NA,NA,"CC","CC","AA","TT","CC",NA,"CT","CT",40900
"CT","TT",NA,"CC","CC","AA","TT","CC","TT","CC","CT",40968
"CT","AT","TC","CT","CC","AA","TT",NA,"TT","CC","TT",41003
"TT","AA","CC","TT","TT","GG","AT","CT","TT","CT","TT",41012
"CC","TT","TT","TT","CC","AA","AT","CC","TT","CT","TT",41061
"CC","TT","CC","CT","CC","AG","AT","CT","CT","CC","CT",41109
"TT","TT","CC","CC","CC","AA","TT","CC","TT","TT","TT",41132
"CT","AT","CC","CT","CT","AG","TT","CC","TT","TT","CT",41135
"CT","TT","TC","CT","CC","AA","TT","CC","TT","TT","TT",41180
"CT",NA,"TC","TT",NA,"AG","AT","CT","CT","CC","TT",41248
"CT","TT","CC","CC","CC","AA","TT","CC","TT","CT","CT",41315
"CT","TT","TC","CT","CC","AA","TT","CC","TT","CC","TT",41321
"TT","TT","CC","CC","CC","AA","TT","CC","TT","CT","TT",41346
"TT","AT","CC","CT",NA,"AG","TT","CC","TT","CT","TT",41446
"TT","TT","CC","CC","CC","AA","TT","CC","TT","CC","TT",41461
"TT","TT","CC","CT","CT","AA","TT","CC","TT","CT","TT",41476
"TT","AA","CC","TT","TT","GG","AT","CT","TT","CT","TT",41540
"CT","TT","CC",NA,"CC","AA","TT","CC","TT","CT","CT",41558
"TT","TT","CC","CC","CC","AA","AT","CC","TT","CT","TT",41605
"TT","TT","CC","CT","CC","AA","TT","CC","TT","CT","TT",41611
"TT","AT","CC","CT","CC","AA","TT","CC","TT","TT","TT",41612
"CT","TT","CC","CC","CC","AA","AT","CC","TT","CT","CT",41684
"CT","TT","CC","CC","CC","AA","TT","CC","TT","CT","CT",41726
"CT","AT","CC","CT","CC","AG","AA","CT","CT","CC","CT",41787
"CT","TT","CC","CC","CC","AA","TT","CC","TT","TT","CT",41792
"CC","TT","CC","CC","CC","AA","TT","CC","TT","TT","CC",41803
"TT","TT","CC","CC","CC","AA","TT","CC","TT","CT","TT",41952
"CT","TT","TC","TT","CC","AA","TT","CC","TT","TT","TT",41970
"CT","TT","CC","CC","CC","AA","TT","CC","TT","TT","CT",42111
"TT","TT","CC","CC","CC","AA","TT","CC","TT","CT","TT",42113
"TT","TT","CC","CC","CC","AA","TT","CC","TT","TT","TT",42139
"TT","AA","CC","TT",NA,"AG","AT","CC","TT","CT","TT",42153
"CC","TT","TC","CT","CC","AG","AT","CC","CT","CC","CT",42210
"TT","TT","CC","CC","CC","AA","AT","CC","TT","TT","TT",42215
"TT","TT","CC","CC","CC","AA","TT","CC","TT","CT","TT",42250
"TT","AT","CC","CT","CC","AA","TT","CC","TT","CC","TT",42318
"TT","TT",NA,"CC","CC","AA","TT","CC","TT","CT","TT",42445
"TT","AT","CC","CT","CC","AG","AT","CT","CT","CC","TT",42568
"CT","AT","TC","CC",NA,"GG","AT","CT","TT","CT","TT",42596
"TT","TT","CC","CC","CC","AA","TT","CC","TT","CT","TT",42605
"CT","TT","TC","CT","CC","AG","TT","CC","TT","CT","TT",42670
"TT","AT","CC","CT","CT","AG","AT","CT","CT","TT","TT",42705
"CC","TT","TC","CT","CC","AA","TT","CC","TT","TT","CT",42737
"CT","TT","TC","CT","CC","AG","AT","CC","TT","CT","TT",42758
"CT","TT","TC","CT","CC","AA","AT","CC","TT","TT","TT",42783
"CT","TT","CC","CC","CC","AA","TT","CC","TT","CT","CT",42789
"CT","TT","CC","CC","CC",NA,"TT","CC","TT","TT","CT",42801
"TT","TT","CC","CC","CC","AA","TT","CC","TT","CC","TT",42930
"TT","AT","CC","CT","CC","AA","TT","CC","TT","CT","TT",42932
"CT","TT","CC","CC","CC","AA","TT","CC","TT","TT","CT",43005
"TT","TT","CC","CT","CC","AA","TT","CC","TT","CT","TT",43031
"CT","TT","CC","CC","CC",NA,"TT","CC",NA,"CT","CT",43096
"TT","TT","CC","CC","CC","AA","TT","CC","TT","CC","TT",43125
"CT","TT","TC","TT","CC",NA,"AT","CC","TT","CT","TT",43173
"TT","AT","CC","CT","CC","AA","TT","CC","TT",NA,"TT",43178
"CT","TT","TC","CT","CC","AG","AT","CC","TT","TT","TT",43241
"CC","TT","TT","TT","CC","AG","TT","CC","TT","TT","TT",43285
"TT","AT","CC","CT","CT","AG","AA","CT","TT","TT","TT",43349
"CT","TT","CC","CC","CC","AA","TT","CC","TT","TT","CT",43356
"CT","TT","TC","CT","CC","AG","AT","CC","TT","TT","TT",43515
"CC","TT","TC","CT","CC","AA","AT","CC","TT","CC","CT",43523
"TT","TT","CC","CC","CC","AA","TT","CC","TT","CC","TT",43532
"TT",NA,"CC","CC",NA,"AA","TT","CC","TT","CT","TT",43538
"CT","TT","CC","CC","CC","AA","TT","CC","TT","CT","CT",43559
"TT","TT","CC","CC","CC","AA","TT",NA,"TT","TT","TT",43638
"TT","TT","CC","CC","CC","AA","TT","CC","TT","CT","TT",43727
"TT","TT","CC",NA,"CC","AA","TT","CC","TT","CT",NA,43768
"TT","TT","CC","CC","CC","AA","TT","CC","TT","CT","TT",43778
"CT","TT",NA,"CT","CC","AA","TT","CC","TT","CT","TT",43796
"TT","AT",NA,"CT",NA,NA,"TT","CC",NA,"CT",NA,43942
"CT","AT","TC","TT",NA,"GG","AT","CT","CT","CC","TT",44016
"CT","AT","CC",NA,"CT","AG","AT","CT","TT","CT","CT",44026
"CC","TT","TC","CT","CC","AA","TT","CC","TT","CC","CT",44030
"CT","AT","TC","TT",NA,"AG","AT","CT","CT","CC","TT",44054
"CC","TT","TT","TT","CC","AG","TT","CC","TT","CT","TT",44076
"TT","TT","CC","CC","CC","AA","TT","CC","TT","CT","TT",44179
"CT","TT","TC","CT","CC","AG","TT","CC","TT","CT","TT",44197
"CT","TT","TC","CT","CC","AG","AT","CT","CT","CT","TT",44226
"CT","TT","CC","CC","CC","AA","TT","CC","TT","CT","CT",44241
"CT","TT","TC","CT","CC","AG","TT","CC","TT","CC","TT",44257
"TT","AT","CC","CT","CT","AG","AT","CT","CT","CC","TT",44297
"TT","AT","CC","CT","CT","AG","AT","CT","CT","CT","TT",44419
"CT","AT","CC","CT","CT","AG","AT","CT",NA,"CT","CT",44485
"TT","TT","CC","CT","CC","AA","TT","CC","TT","TT","TT",44501
"CT","AT","TC","TT","CC","AA","TT","CC",NA,"TT","TT",44503
NA,"TT","TC","CT","CC","AG","AT","CT","CT","CC","CT",44571
"CT","TT","CC","CC","CC","AA","TT","CC","TT","TT","CT",44573
"TT","TT","CC","CC","CC","AA","TT","CC","TT","CC","TT",44598
"CT","TT","TC","CT","CC","AA","TT","CC","TT","TT","TT",44632
"CT","AT","TC","TT",NA,"AG","AT","CT","TT","CC","TT",44651
"CT","TT","CC","CC","CC","AA","AT","CC","CT","CT","CT",44748
"CC","TT","TC","CT","CC","AA","TT","CC","TT","TT","CT",44749
"CT","TT","TC","CT","CC","AA","TT","CC","TT","CT","TT",44774
"CT","TT","CC","CT","CC","AA","TT","CC","TT","CT","TT",44823
"TT","TT","CC","CC","CC","AA","TT","CC","TT","CT","TT",44855
"TT","AT","CC","CT","CC","AA","TT","CC","TT","CT","TT",44890
"CT","TT","TC","CT","CC","AA","TT","CC","TT","TT","TT",44912
"CT","TT","CC","CC","CC","AA","AT","CT","CT","CC","CT",44970
"TT","AT","CC","CT","CT","AG","AA","CT","CT","CT","TT",44973
"CT","AT","TC","TT",NA,"AG","AT","CT","TT","CT","TT",45097
"TT","TT","CC","CC","CC","AA","TT","CC","TT","CT","TT",45106
"CT","AT","CC","CT","CT","AG","AT","CT","TT","TT","CT",45195
"CC","TT","TC","CT","CC","AG","AT","CT","TT","CT","CT",45260
"TT","TT","CC","CC","CC","AA","TT","CC","TT","CT","TT",45282
"CC","TT","CC","CC","CC","AA","TT","CC","TT","TT","CC",45322
"CC","TT","TT","TT","CC","AG","AT","CC","TT","CT","TT",45356
"CC","TT","TC","CT","CC","AG","AT","CT","CT","CT","CT",45380
"TT","AT","CC","CT",NA,"GG","AT","CC","TT","TT","TT",45405
"TT","TT","CC","CC","CC","AA","TT","CC","TT","CT","TT",45492
"TT","TT","CC","CT","CC","AA","TT","CC","TT","CC","TT",45508
"TT","AT","CC",NA,"CC","AG","AT","CT","CT","CC","TT",45516
"CT","AT","TC","TT",NA,"AG","AT","CT","CT","CC","TT",45551
"CC","TT","TC","CT","CC","AG","AT","CC","TT","CT","CT",45584
"TT","AT","CC","CT","CT","AG","TT","CC","TT","CT","TT",45625
"TT","TT","CC","CC","CC","AA","TT","CC","TT","CT","TT",45634
"TT","TT","CC","CC","CC","AA","TT","CC","TT","CC","TT",45733
"CT","TT","TC","CT","CC","AA","AT","CC","TT",NA,"TT",45745
"TT","TT","CC","CC","CC","AA","TT","CC","TT","TT","TT",45777
"CT","TT","CC","CC","CC","AG","AT","CT","CT","CT","CT",45948
"TT","TT",NA,"CC","CC","AA","TT","CC","TT","CC","TT",46175
"TT","TT","CC","CC","CC","AA","TT","CC","TT","CC","TT",46258
"CT","TT","TC","CT","CC","AG","AT","CC","TT","TT","TT",46280
"TT","TT","CC","CC","CC","AA","TT","CC","TT","CC","TT",46303
"TT","TT","CC","CT","CC","AA","TT","CC","TT","CT","TT",46367
"TT","AT","CC","CT","CT","AG","AA","TT","CC","CT","TT",46389
"CC","TT","TC","CT","CC","AG","AT","CC","TT","TT","CT",46410
"TT","AT","CC","CT",NA,"AG","TT","CC","TT","CT","TT",46552
"TT","TT","CC","CC","CC","AA","AT","CC","TT","CT","TT",46567
"CT","TT","TC","CT","CC","AA","TT","CC","TT","CT","TT",46608
"CT","TT","TC","CT","CC","AA","AT","CC","TT","CT","TT",46616
"CT","TT","TC","CT","CC","AG","AT","CC","TT","CT","TT",46625
"CC","TT","CC","CC","CC","AA","TT","CC","TT",NA,"CC",46648
"CC","TT","TC",NA,"CC","AG","TT","CC","TT","TT","CT",46737
"TT","TT","CC","CC","CC",NA,"TT","CC","TT","CT","TT",46740
"CT","TT","TC","CT","CC","AA","TT","CC","TT","TT","TT",46743
"TT","AT","CC","CT","CT","AG","AT","CT","CT","CC","TT",46966
"CT","TT",NA,"CT","CC","AG","AT","CT","CT","CC","TT",46970
"TT","TT","CC","CC","CC","AA","TT","CC","TT","CC","TT",46987
"CT","TT","CC","CC","CC","AA","TT","CC","TT","TT","CT",46993
"CT","TT","TC","CT","CC","AG","AT","CT","CT","CC","TT",47006
"TT","TT","CC","CC","CC","AA","TT","CC",NA,"TT","TT",47044
"TT","AT","CC","CT","CT","AG","AT","CT","CT","CT","TT",47054
"TT","TT","CC","CC","CC","AA","TT","CC","TT","CT","TT",47055
"TT","TT","CC","CC","CC","AA","TT","CC","TT","CT","TT",47074
"CT","AT","CC","CT","CC","AA","TT","CC","TT","CC","CT",47089
"CT","TT","CC","CC","CC","AA","TT","CC","TT","CC","CT",47097
"TT","TT","CC","CC","CC","AA","TT","CC","TT","CC","TT",47128
"CT","AT","TC","TT","CC","AG","TT","CC","TT","CC","TT",47150
"TT",NA,"CC","CT","CT",NA,"AA","CT","CT","CT","TT",47236
"TT","TT","CC","CC","CC","AA","TT","CC","TT","CT","TT",47276
"CT","TT","TC",NA,"CC","AA","TT","CC","TT","CT","TT",47308
"TT","TT","CC","CC","CC",NA,"AT","CC",NA,"CT","TT",47376
"CT","TT","TC","CT","CC","AG","AT","CT","CT","CC","TT",47427
"TT","TT","CC","CC","CC","AA","TT","CC","TT","CT","TT",47428
"TT","TT","CC","CC","CC",NA,"TT","CC","TT","CC","TT",47453
"CC","TT","TC","CT","CC","AA","TT","CC","TT","CT","CT",47458
"CT","AT","TC","TT",NA,"AG","TT","CC","TT","CT","TT",47485
"TT","AT","CC","CT","CC","AG","AT","CT","CT","CT","TT",47490
"CC","TT","TC","CT","CC","AA","AT","CC","CT","CC","CT",47551
"TT","TT","CC","CC","CC","AA","TT","CC","TT","CC","TT",47558
"TT","TT","CC","CC","CC","AA","TT","CC","TT","CT","TT",47580
"TT","AT","CC","CT","CC","AA","TT","CC","TT","CT","TT",47586
"CT","TT","CC","CC","CC","AA","AT","CT","CT","CT","CT",47593
"CT","TT","TC","CT","CC","AA","TT","CC","TT","CC","TT",47633
"CT","TT",NA,"CC","CC","AA","TT","CC","TT","TT","CT",47651
"TT","TT","CC",NA,"CC",NA,NA,"CC","TT","CT","TT",47688
"TT","AT","CC","CT","CT","AG","AA","CT","TT","CT","TT",47813
"CC","TT","TT","TT",NA,"AA","TT","CC","TT","CC","TT",47840
NA,NA,NA,"CT",NA,NA,NA,NA,NA,"CC",NA,47879
"TT","AT","CC","CT","CT","AG","AT","CT","CT","TT","TT",47937
"TT","TT","CC","CC",NA,"AA","TT","CC","TT","CT","TT",47958
"TT","TT","CC","CC","CC","AA","TT","CC","TT","CC","TT",47977
"TT","AT","CC","CT","CT",NA,"TT","CC","TT","CT","TT",47983
"CT","TT","CC","CC","CC","AA","TT","CC","TT","CT","CT",47991
NA,"TT","TC",NA,"CC",NA,"TT","CC","TT","CT",NA,48015
"CT","AT","CC","CT","CT","AG","AT","CT","CT","CT","CT",48174
"TT","AT","CC","CT","CT","AG","AA","CT","CT","CT","TT",48318
"CT","AT","TC","TT","CC","AG","AT","CT","CT","CT","TT",48347
"CT","TT","CC","CC","CC","AG","TT","CC","TT","TT","CT",48375
"CT","TT",NA,"CC","CC",NA,"TT","CC",NA,"CT","CT",48393
"TT","AA","CC","TT","CT","AG","TT","CC","TT","CT","TT",48395
"CC","TT","TC",NA,"CC","AG","TT","CC","TT","CT","CT",48443
"CT","TT","TC","CT","CC","AG","AT","CC","TT","CT","TT",48503
"TT","TT","CC","CC","CC","AA","AT","CT","CT","CT","TT",48555
"CT","AT","CC","CT","CT","GG","AT","CC","TT","TT","CT",48562
"TT","TT","CC","CC","CC","AA","TT","CC","TT","CT","TT",48660
"TT","AT","CC","CT","CT","AG","AT","CT","CT","CT","TT",48747
"CT","TT","CC","CC","CC","AA","TT","CC","TT","CC","CT",48819
"TT","TT","CC","CC","CC","AG","AT","CC","CT","CC","CT",48830
"CT","TT","CC",NA,"CC","AA","TT","CC","TT","TT","CT",48835
"CT","AT","CC","CT","CT","AG","AT","CT",NA,"CT","CT",48846
"TT","TT","CC","CC","CC","AA","TT","CC","TT","CC","TT",48868
"CC","TT","TC","CT","CC","AG","TT","CC","TT",NA,"CT",48896
"TT","AT","CC","CT","CC","AA","TT","CC","TT","CT","TT",48949
"CC","TT","TC","CT","CC","AA","TT","CC","TT","CC","CT",49005
"CT","TT","CC","CC","CC","AA","AT","CT","CT","CC","CT",49010
"TT","AT","CC","CT","CT","AG","TT","CC","TT","TT","TT",49020
"CT","AT","CC","CT","CT","AG","AA","CT","CT","CC","CT",49030
"CT","TT","CC","CC","CC","AA","TT","CC","TT","CT","CT",49088
"CC","TT","TT","TT","CC","GG","AA","CT","TT","CC","TT",49113
"CT","TT","TC","CT","CC","AA","TT","CC","TT","CT","TT",49116
"TT","AA","CC","TT","TT","GG","AA","TT","CC","CC","TT",49123
"TT","TT","CC","CC","CC","AA","TT","CC","TT","CT","TT",49144
"CT","TT","TC","CT","CC","AA","TT","CC","TT","CT","TT",49146
"CT","TT","TC","CT","CC","AA","TT","CC","TT","CT","TT",49150
"CT","TT","TC","CT","CC","AG","TT","CC","TT","CT","TT",49231
"CT","TT","CC","CC","CC","AA","TT","CC","TT","CT","CT",49280
"TT","AA","CC","TT","TT","AG","AA","TT","CC","CC","TT",49383
"CT","AT","CC","CT","CC","AA","TT","CC","TT","CT","CT",49385
"CT","AT","TC","TT",NA,"AG","AT","CT","CT","CT","TT",49420
"CT","TT","CC","CC","CC","AG","AT","CC","TT","TT","CT",49487
"TT","TT",NA,"CC","CC","AA","TT","CC","TT","CC","TT",49498
"TT","AT","CC","CT","CT","AG","TT","CC","TT","TT","TT",49522
"CT","AT","TC","TT","CT","AA","TT","CC","TT","CT","TT",49537
"CT","TT","TC","CT","CC",NA,"AT","CC","TT","TT","TT",49540
"CT","AT","TC","TT",NA,"AG","AT","CT","CT","CC","TT",49573
"CT","AT","TC","TT",NA,"AG","AT","CT","TT","CC","TT",49637
"TT","TT","CC","CC","CC","AG","AT","CT","CT","TT","TT",49714
"TT","AT","CC","CT","CT","AG","AT","CT","CT","CC","TT",49770
"CT","TT","CC","CC","CC","AA","AT","CC","TT","CT","CT",49820
"CT","AT","CC","CT","CC","AG","AT","CT","CT","CT","CT",49823
"TT","TT","CC","CC","CC","AA","TT","CC","TT","CC","TT",49911
